{"cameraMode":{"drawMode":0,"name":"Shaded","section":"Shading Mode"},"sceneLighting":true,"audioPlay":false,"sceneViewState":{"m_AlwaysRefresh":false,"showFog":true,"showSkybox":true,"showFlares":true,"showImageEffects":true,"showParticleSystems":true,"showVisualEffectGraphs":true,"m_FxEnabled":true},"in2DMode":false,"pivot":{"x":3.3498010635375978,"y":0.8330638408660889,"z":-2.9978723526000978},"rotation":{"x":0.027492715045809747,"y":0.7996841073036194,"z":-0.03673234581947327,"w":0.5986531972885132},"size":7.3033061027526859,"orthographic":true}