{"cameraMode":{"drawMode":0,"name":"Shaded","section":"Shading Mode"},"sceneLighting":true,"audioPlay":false,"sceneViewState":{"m_AlwaysRefresh":false,"showFog":true,"showSkybox":true,"showFlares":true,"showImageEffects":true,"showParticleSystems":true,"showVisualEffectGraphs":true,"m_FxEnabled":false},"in2DMode":false,"pivot":{"x":0.019845683127641679,"y":0.9273418188095093,"z":0.39541205763816836},"rotation":{"x":-0.02489478699862957,"y":-0.005404151044785976,"z":0.00011232228280277923,"w":-0.9996360540390015},"size":1.1660254001617432,"orthographic":false}