{"cameraMode":{"drawMode":0,"name":"Shaded","section":"Shading Mode"},"sceneLighting":true,"audioPlay":false,"sceneViewState":{"m_AlwaysRefresh":false,"showFog":true,"showSkybox":true,"showFlares":true,"showImageEffects":true,"showParticleSystems":true,"showVisualEffectGraphs":true,"m_FxEnabled":false},"in2DMode":false,"pivot":{"x":-0.2488356977701187,"y":0.2771186828613281,"z":14.480026245117188},"rotation":{"x":-0.08180467039346695,"y":-0.0009054295369423926,"z":0.00005149135904503055,"w":-0.9966170787811279},"size":5.666357040405273,"orthographic":false}